row,timestamp,source_ip,destination_ip,duration,src_bytes,dst_bytes,count,srv_count
1,2026-01-01 12:56:40,241.19.10.19,114.20.173.96,47,109,4973,49,42
3,2026-01-01 12:56:41,122.5.194.48,184.131.191.166,16,127,6301,46,16
4,2026-01-01 12:56:41,19.200.255.236,241.188.76.226,40,19,3267,49,27
6,2026-01-01 12:56:41,11.196.41.18,26.48.246.106,52,191,7492,36,16
7,2026-01-01 12:56:42,241.195.75.88,199.80.93.164,46,171,3339,34,17
8,2026-01-01 12:56:42,210.21.169.198,155.105.159.68,17,166,9615,40,43
10,2026-01-01 12:56:43,214.146.80.28,122.10.37.19,60,103,1992,11,20
17,2026-01-01 12:56:45,207.239.174.135,34.84.192.202,1,145,7352,18,40
18,2026-01-01 12:56:45,181.227.24.111,33.98.6.254,56,158,2040,43,12
23,2026-01-01 12:56:47,190.164.174.83,44.126.113.224,48,6,9289,19,44
24,2026-01-01 12:56:47,4.176.94.221,170.168.184.177,50,30,4701,28,36
25,2026-01-01 12:56:47,55.104.63.215,86.103.201.189,27,141,3503,28,21
26,2026-01-01 12:56:48,38.85.193.110,127.9.111.92,48,122,3667,39,12
30,2026-01-01 12:56:49,82.250.29.63,4.176.24.72,47,153,9935,40,22
38,2026-01-01 12:56:51,228.125.238.209,228.119.173.139,15,158,9264,41,41
41,2026-01-01 12:56:52,2.107.3.194,98.132.204.93,17,43,5534,26,12
43,2026-01-01 12:56:53,202.111.181.166,123.128.151.127,48,113,4441,39,29
46,2026-01-01 12:56:54,189.116.9.6,55.162.81.21,45,68,4043,35,48
51,2026-01-01 12:56:55,142.102.224.101,244.139.84.157,15,164,1564,40,29
53,2026-01-01 12:56:56,19.209.238.174,18.25.93.56,50,90,7492,26,49
54,2026-01-01 12:56:56,182.37.144.105,4.66.91.46,16,185,220,13,32
55,2026-01-01 12:56:56,148.188.81.129,17.217.202.97,23,71,5262,42,41
56,2026-01-01 12:56:57,5.141.153.17,57.108.4.246,5,105,972,34,37
59,2026-01-01 12:56:58,203.152.49.127,97.255.196.254,33,44,8371,44,11
60,2026-01-01 12:56:58,255.204.170.241,59.93.105.117,52,65,1529,47,35
62,2026-01-01 12:56:59,197.242.11.205,164.61.245.166,29,125,3661,35,38
66,2026-01-01 12:57:00,234.253.152.52,188.239.213.42,21,9,1217,10,29
68,2026-01-01 12:57:00,75.62.150.240,38.255.234.60,42,89,1530,30,40
71,2026-01-01 12:57:01,15.42.237.231,208.143.142.26,34,122,5495,22,41
72,2026-01-01 12:57:02,205.185.166.23,228.37.227.223,5,106,4572,33,45
73,2026-01-01 12:57:02,49.235.121.120,69.180.255.176,42,10,5294,19,17
75,2026-01-01 12:57:03,121.161.227.44,11.87.167.13,19,83,5134,32,40
78,2026-01-01 12:57:03,122.79.108.93,72.93.150.117,2,192,8334,17,43
81,2026-01-01 12:57:04,90.170.140.252,70.112.145.106,59,171,4841,37,49
83,2026-01-01 12:57:05,150.235.41.121,83.156.52.31,37,191,6767,15,13
84,2026-01-01 12:57:05,35.108.92.133,86.234.16.114,32,150,5227,15,15
87,2026-01-01 12:57:06,157.183.178.138,136.16.145.124,4,57,8300,30,49
91,2026-01-01 12:57:07,88.25.28.199,213.120.35.161,1,130,6492,15,24
95,2026-01-01 12:57:09,69.48.223.85,241.217.94.9,5,200,6829,24,34
96,2026-01-01 12:57:09,83.245.213.63,39.235.46.195,6,73,6041,37,26
97,2026-01-01 12:57:09,135.250.254.236,196.3.75.136,21,40,6524,43,37
98,2026-01-01 12:57:10,35.184.141.63,52.200.55.211,22,143,3590,12,49
99,2026-01-01 12:57:10,159.121.50.173,129.182.63.93,52,15,6537,42,17
102,2026-01-01 12:57:11,102.86.245.74,198.195.226.149,19,55,5912,13,19
104,2026-01-01 12:57:11,156.50.70.63,148.110.137.9,59,21,4935,38,24
108,2026-01-01 12:57:13,25.102.198.216,198.82.54.79,20,168,7541,16,29
118,2026-01-01 12:57:16,80.17.86.115,6.253.162.107,21,48,9665,21,25
119,2026-01-01 12:57:16,193.19.4.56,194.247.93.224,47,200,9885,12,39
120,2026-01-01 12:57:16,218.129.197.142,111.229.10.227,8,134,8712,19,30
121,2026-01-01 12:57:17,93.198.194.4,54.125.196.207,60,40,9428,12,21
122,2026-01-01 12:57:17,60.76.146.50,221.204.62.71,9,62,4355,36,11
124,2026-01-01 12:57:18,3.192.252.176,24.13.166.124,4,111,6043,18,11
125,2026-01-01 12:57:18,108.153.128.143,63.97.34.20,44,79,9517,49,21
126,2026-01-01 12:57:18,210.131.65.230,255.93.182.78,11,107,5946,34,13
127,2026-01-01 12:57:18,50.138.50.7,196.162.105.251,22,36,2601,23,15
135,2026-01-01 12:57:21,123.109.202.106,116.5.203.138,39,77,3626,20,12
138,2026-01-01 12:57:22,68.215.194.221,246.70.217.54,10,128,9645,14,30
140,2026-01-01 12:57:22,134.85.52.144,220.148.166.36,34,135,9045,39,10
141,2026-01-01 12:57:23,64.202.140.66,140.165.30.154,21,108,9512,32,20
142,2026-01-01 12:57:23,33.168.69.2,10.42.188.220,2,167,7346,34,43
143,2026-01-01 12:57:23,120.245.225.100,125.76.177.124,57,75,778,21,36
146,2026-01-01 12:57:24,251.119.1.178,15.194.233.101,30,171,7308,36,32
148,2026-01-01 12:57:25,232.181.90.236,114.23.36.58,1,1,9598,37,28
157,2026-01-01 12:57:28,215.59.68.172,182.80.191.112,40,99,5071,45,13
165,2026-01-01 12:57:30,183.23.73.2,10.133.155.178,42,182,1848,29,24
167,2026-01-01 12:57:31,3.59.60.165,112.92.194.196,6,74,2824,30,33
170,2026-01-01 12:57:32,141.19.218.157,81.146.19.182,40,54,2142,41,22
180,2026-01-01 12:57:35,217.129.253.114,46.224.181.163,9,4,2166,13,14
181,2026-01-01 12:57:35,185.105.173.87,203.225.133.76,47,112,9164,32,27
183,2026-01-01 12:57:36,13.188.134.132,171.72.172.160,11,48,6784,36,33
187,2026-01-01 12:57:37,205.212.130.80,157.71.48.112,57,86,5790,24,15
189,2026-01-01 12:57:37,185.119.37.223,68.193.218.244,29,68,4964,35,35
191,2026-01-01 12:57:38,220.165.12.129,153.194.239.158,22,28,3566,46,20
194,2026-01-01 12:57:39,16.109.198.12,210.167.217.209,42,111,2842,46,50
195,2026-01-01 12:57:39,201.24.187.25,8.216.34.206,23,5,9209,41,38
200,2026-01-01 12:57:41,189.128.232.62,94.182.249.101,28,107,4843,46,39
203,2026-01-01 12:57:42,55.64.119.242,138.17.50.171,28,176,2340,34,21
205,2026-01-01 12:57:42,159.140.11.193,4.135.39.202,42,22,9512,16,30
206,2026-01-01 12:57:43,39.186.172.161,170.229.217.217,56,189,8656,42,17
207,2026-01-01 12:57:43,231.172.153.196,103.3.17.9,57,190,4349,49,41
208,2026-01-01 12:57:43,48.162.40.69,127.87.179.96,45,79,6370,26,32
212,2026-01-01 12:57:44,39.61.120.213,35.13.242.156,32,22,1164,28,20
214,2026-01-01 12:57:45,152.172.78.65,156.255.126.217,36,176,1168,20,22
215,2026-01-01 12:57:45,186.65.17.185,203.247.12.106,33,40,7924,49,16
216,2026-01-01 12:57:46,192.93.143.207,15.166.1.64,3,92,6742,29,41
221,2026-01-01 12:57:47,226.10.72.139,214.158.138.247,43,28,4672,34,26
222,2026-01-01 12:57:47,26.105.4.214,143.22.223.118,8,28,2699,34,40
224,2026-01-01 12:57:48,126.164.1.39,49.72.4.114,45,8,3908,17,28
229,2026-01-01 12:57:50,179.38.97.63,197.111.127.233,50,131,1329,17,17
232,2026-01-01 12:57:50,240.3.68.8,26.10.163.152,48,28,8093,22,50
234,2026-01-01 12:57:51,160.179.221.48,177.128.86.56,0,90,3744,21,36
238,2026-01-01 12:57:52,136.199.70.121,223.54.14.234,56,166,6116,28,46
240,2026-01-01 12:57:53,169.111.61.137,81.253.71.49,22,57,6962,50,43
243,2026-01-01 12:57:54,50.183.222.177,144.40.187.58,24,192,5788,41,45
247,2026-01-01 12:57:55,242.187.60.70,185.71.193.247,14,134,3481,12,23
248,2026-01-01 12:57:55,138.143.187.9,47.245.184.88,51,119,2772,21,22
249,2026-01-01 12:57:56,235.164.209.255,214.103.1.2,40,9,213,48,16
254,2026-01-01 12:57:57,50.152.70.233,234.117.175.67,48,29,2633,50,11
255,2026-01-01 12:57:58,11.41.201.48,46.104.107.150,27,35,9643,19,49
256,2026-01-01 12:57:58,218.209.188.219,193.93.214.41,6,90,7490,49,18
257,2026-01-01 12:57:58,197.154.215.136,112.185.216.41,52,157,6389,43,45
260,2026-01-01 12:57:59,77.94.146.206,162.152.92.91,19,176,5756,20,18
269,2026-01-01 12:58:02,80.79.87.204,157.49.91.213,41,42,4978,25,18
270,2026-01-01 12:58:02,91.20.197.144,37.98.4.49,40,49,4636,14,49
271,2026-01-01 12:58:02,172.109.126.195,40.1.133.151,57,71,9583,45,36
275,2026-01-01 12:58:04,194.76.116.235,59.29.105.130,44,76,2477,26,48
276,2026-01-01 12:58:04,232.176.254.8,247.92.249.21,47,143,2076,28,46
277,2026-01-01 12:58:04,170.81.3.143,118.17.9.23,0,92,9766,37,17
278,2026-01-01 12:58:05,164.129.145.34,196.150.123.228,9,4,5154,31,15
279,2026-01-01 12:58:05,112.249.235.130,76.19.25.195,25,150,7909,11,10
282,2026-01-01 12:58:06,88.87.159.198,57.116.147.89,37,29,5965,47,13
284,2026-01-01 12:58:06,32.158.198.194,114.130.48.235,51,76,6234,17,39
286,2026-01-01 12:58:07,88.45.120.24,19.178.60.153,31,70,4310,22,29
287,2026-01-01 12:58:07,175.233.201.201,200.159.71.43,43,49,3285,28,23
289,2026-01-01 12:58:08,130.131.125.173,20.196.253.120,18,107,1261,27,10
290,2026-01-01 12:58:08,198.109.91.98,14.25.254.106,26,22,9819,44,41
293,2026-01-01 12:58:09,187.69.96.39,172.178.68.76,37,125,7158,28,21
295,2026-01-01 12:58:10,245.125.191.246,127.59.248.38,20,65,3489,27,13
296,2026-01-01 12:58:10,61.15.26.113,243.174.19.185,41,109,2826,20,13
297,2026-01-01 12:58:10,225.14.78.254,10.42.179.65,57,160,5909,50,19
299,2026-01-01 12:58:11,232.9.122.63,23.169.253.128,48,132,4923,11,25
303,2026-01-01 12:58:12,78.193.222.255,124.84.238.110,30,128,8865,48,38
305,2026-01-01 12:58:13,253.136.246.189,73.164.20.131,32,193,2177,19,27
307,2026-01-01 12:58:13,57.243.250.135,95.28.48.148,42,29,3033,45,14
308,2026-01-01 12:58:14,205.98.89.10,73.71.61.29,10,159,5459,35,12
311,2026-01-01 12:58:15,61.160.246.36,85.219.66.86,19,85,229,18,39
312,2026-01-01 12:58:15,197.86.53.156,197.116.192.168,40,105,3753,27,47
319,2026-01-01 12:58:17,204.105.89.105,115.255.224.201,46,158,5271,35,49
321,2026-01-01 12:58:18,243.36.88.38,181.226.234.25,28,195,4326,20,40
322,2026-01-01 12:58:18,223.58.196.121,62.47.20.243,47,0,5036,32,10
325,2026-01-01 12:58:19,142.7.168.18,16.25.43.40,9,130,1511,22,11
326,2026-01-01 12:58:19,166.225.255.32,35.91.195.165,51,163,9595,25,29
327,2026-01-01 12:58:20,174.70.245.126,226.25.57.49,53,182,7318,30,21
329,2026-01-01 12:58:20,21.238.140.212,65.149.165.86,37,22,8845,32,35
330,2026-01-01 12:58:21,133.155.248.237,85.33.242.122,6,99,6623,31,44
338,2026-01-01 12:58:23,252.200.38.207,98.192.39.228,50,33,5760,23,19
340,2026-01-01 12:58:24,190.50.106.77,15.167.214.190,15,77,3610,45,42
343,2026-01-01 12:58:25,162.192.15.9,97.210.198.212,10,175,6505,28,38
346,2026-01-01 12:58:26,205.142.61.22,85.158.68.234,37,45,6286,36,44
347,2026-01-01 12:58:26,26.133.97.63,139.131.54.90,58,193,863,37,25
348,2026-01-01 12:58:26,65.213.104.60,76.138.228.21,28,48,3286,25,19
349,2026-01-01 12:58:27,21.170.103.100,155.81.193.200,32,168,3757,26,39
350,2026-01-01 12:58:27,98.240.26.208,51.207.200.236,31,52,3707,37,29
354,2026-01-01 12:58:28,17.126.180.63,85.149.105.138,33,99,6588,23,41
355,2026-01-01 12:58:28,117.65.25.3,172.153.144.32,2,98,964,50,12
358,2026-01-01 12:58:29,248.244.223.105,191.154.76.54,56,45,9265,36,23
359,2026-01-01 12:58:30,47.164.240.10,215.108.237.13,42,143,6298,24,34
360,2026-01-01 12:58:30,143.146.32.228,255.14.175.167,0,159,4173,44,37
363,2026-01-01 12:58:31,147.171.8.167,219.57.105.94,16,16,154,48,27
364,2026-01-01 12:58:31,103.123.159.49,235.16.251.118,30,176,7195,50,50
365,2026-01-01 12:58:31,252.135.8.40,81.62.46.214,46,135,1865,34,44
370,2026-01-01 12:58:33,165.79.58.47,36.4.32.109,12,0,6897,10,21
372,2026-01-01 12:58:34,6.235.71.94,57.27.155.207,18,13,5207,48,27
374,2026-01-01 12:58:34,163.69.192.4,190.228.206.211,40,38,8384,47,38
376,2026-01-01 12:58:35,84.145.19.150,221.208.14.134,57,66,7852,50,39
377,2026-01-01 12:58:35,184.181.183.237,160.25.97.148,8,121,7147,42,26
380,2026-01-01 12:58:36,55.36.254.15,133.64.65.111,13,13,7031,30,43
381,2026-01-01 12:58:36,30.180.69.171,119.130.142.195,21,133,8043,11,37
382,2026-01-01 12:58:37,144.168.254.62,255.9.245.16,60,98,1838,14,36
383,2026-01-01 12:58:37,179.91.57.193,59.14.21.125,7,26,7197,10,42
386,2026-01-01 12:58:38,74.210.245.99,91.231.122.155,55,198,5302,49,45
389,2026-01-01 12:58:39,1.242.30.186,74.127.83.77,0,29,4597,10,21
392,2026-01-01 12:58:40,97.130.247.82,114.7.103.237,53,159,5996,23,21
393,2026-01-01 12:58:40,78.98.129.94,70.182.45.223,42,167,5953,31,44
394,2026-01-01 12:58:40,211.188.89.253,224.146.200.103,51,176,8348,24,37
401,2026-01-01 12:58:42,13.109.158.127,229.232.194.166,8,27,6513,28,50
403,2026-01-01 12:58:43,225.182.45.129,16.161.243.86,33,126,3342,37,36
405,2026-01-01 12:58:44,206.82.5.247,249.153.150.248,56,89,4095,40,14
408,2026-01-01 12:58:44,12.137.114.183,226.99.166.84,43,161,2618,46,15
416,2026-01-01 12:58:47,74.41.247.133,142.254.15.209,4,22,897,42,15
418,2026-01-01 12:58:48,192.21.215.75,199.26.237.29,53,9,4524,19,42
419,2026-01-01 12:58:48,227.112.231.201,224.245.200.4,6,160,8451,13,32
421,2026-01-01 12:58:48,203.178.142.216,244.183.141.41,43,80,3376,26,41
422,2026-01-01 12:58:49,60.102.49.128,217.250.67.91,58,114,9576,23,40
423,2026-01-01 12:58:49,148.71.142.128,107.228.10.176,25,98,8584,33,47
424,2026-01-01 12:58:49,160.68.241.16,236.7.211.60,59,82,6592,19,12
426,2026-01-01 12:58:50,160.87.152.89,166.85.1.243,26,134,3954,20,50
427,2026-01-01 12:58:50,227.192.73.140,71.159.87.222,45,108,1773,49,32
428,2026-01-01 12:58:51,38.157.121.150,98.62.37.199,56,15,8710,24,30
429,2026-01-01 12:58:51,177.39.29.36,247.96.16.150,55,157,3764,18,38
432,2026-01-01 12:58:52,118.74.27.225,21.8.114.161,38,185,2812,25,18
433,2026-01-01 12:58:52,87.83.204.87,82.218.52.241,49,128,6837,10,48
434,2026-01-01 12:58:52,198.100.29.211,94.244.119.131,17,127,5575,43,36
435,2026-01-01 12:58:53,47.66.119.226,127.153.146.8,53,38,647,13,48
436,2026-01-01 12:58:53,1.216.3.191,79.209.167.190,22,31,8019,27,21
440,2026-01-01 12:58:54,104.252.34.166,192.89.223.8,51,109,5142,40,38
444,2026-01-01 12:58:55,146.221.165.119,15.177.241.189,46,105,9723,25,23
447,2026-01-01 12:58:56,139.227.192.11,123.205.111.3,60,139,194,47,31
448,2026-01-01 12:58:57,146.34.248.111,88.164.100.121,54,1,8825,42,10
449,2026-01-01 12:58:57,135.239.103.79,191.200.147.244,23,82,2091,23,45
450,2026-01-01 12:58:57,28.5.24.124,24.13.38.191,57,14,2375,31,12
452,2026-01-01 12:58:58,233.23.40.61,143.146.28.22,5,135,3982,32,15
457,2026-01-01 12:58:59,115.123.244.46,50.167.39.170,21,107,18,25,41
460,2026-01-01 12:59:00,66.67.61.18,35.52.245.126,25,92,6531,24,25
465,2026-01-01 12:59:02,42.107.171.108,230.231.52.143,4,189,1896,24,36
471,2026-01-01 12:59:04,31.222.235.184,236.99.222.245,29,147,128,27,27
472,2026-01-01 12:59:04,123.160.49.34,250.50.67.186,57,183,9119,43,46
473,2026-01-01 12:59:04,137.2.2.193,186.213.149.165,44,189,797,37,49
480,2026-01-01 12:59:06,243.206.171.161,68.62.169.48,2,105,9367,33,50
483,2026-01-01 12:59:07,206.163.125.32,155.147.223.1,33,5,5243,30,10
484,2026-01-01 12:59:08,141.63.106.169,102.211.105.170,35,44,8242,21,33
486,2026-01-01 12:59:08,119.72.87.76,60.106.103.243,16,17,8928,40,26
490,2026-01-01 12:59:10,71.184.10.214,202.162.74.50,47,26,7780,47,38
491,2026-01-01 12:59:10,213.181.229.55,149.143.17.255,3,106,2568,36,44
492,2026-01-01 12:59:10,168.195.145.34,48.157.153.76,20,7,4256,48,16
496,2026-01-01 12:59:12,49.221.43.166,192.234.166.88,28,101,1287,15,40
503,2026-01-01 12:59:14,140.78.66.15,96.243.191.238,24,93,8408,39,48
512,2026-01-01 12:59:17,226.99.78.232,3.246.27.186,57,108,9087,39,50
513,2026-01-01 12:59:17,140.121.200.202,144.36.196.1,12,82,1641,13,22
514,2026-01-01 12:59:17,152.151.248.9,209.128.49.203,2,10,2864,20,38
515,2026-01-01 12:59:18,61.95.236.144,81.150.191.138,24,27,2029,19,45
517,2026-01-01 12:59:18,170.226.1.28,123.12.118.52,2,138,7454,17,17
520,2026-01-01 12:59:19,49.115.54.16,227.226.168.32,30,13,7209,28,20
524,2026-01-01 12:59:20,123.86.114.222,61.255.222.16,35,29,9415,25,11
525,2026-01-01 12:59:21,206.237.80.23,36.204.210.40,37,1,877,39,33
526,2026-01-01 12:59:21,9.136.61.130,235.136.69.191,8,86,8749,31,24
528,2026-01-01 12:59:22,25.57.137.102,162.79.222.187,37,26,2857,35,23
532,2026-01-01 12:59:23,240.127.5.112,148.85.159.60,7,164,443,14,35
534,2026-01-01 12:59:24,166.220.9.41,109.171.83.76,47,40,4630,42,44
537,2026-01-01 12:59:24,218.51.56.144,156.185.31.167,55,51,6691,39,48
539,2026-01-01 12:59:25,100.134.140.4,246.203.251.130,22,16,8546,12,31
540,2026-01-01 12:59:25,111.178.72.244,191.58.170.78,22,132,2947,20,18
541,2026-01-01 12:59:26,216.209.80.210,45.228.52.214,28,172,1577,41,10
542,2026-01-01 12:59:26,130.190.29.15,176.48.81.252,40,44,9877,45,39
544,2026-01-01 12:59:27,95.202.203.206,47.138.14.56,34,100,1866,25,12
545,2026-01-01 12:59:27,46.102.207.238,152.3.31.139,28,105,2757,35,43
546,2026-01-01 12:59:27,20.108.229.3,81.80.186.211,53,153,3163,12,32
547,2026-01-01 12:59:27,66.51.247.234,201.192.162.194,6,134,3989,14,34
549,2026-01-01 12:59:28,73.40.155.15,10.185.101.34,24,89,179,10,30
556,2026-01-01 12:59:30,125.198.107.28,75.73.23.92,31,114,100,22,14
558,2026-01-01 12:59:31,116.34.52.77,156.154.75.173,47,189,8401,23,42
560,2026-01-01 12:59:31,151.134.93.230,48.93.192.11,51,89,8951,26,34
565,2026-01-01 12:59:33,114.201.240.244,243.229.181.214,51,124,6336,43,35
568,2026-01-01 12:59:34,47.106.235.255,146.62.248.193,2,155,7675,17,17
569,2026-01-01 12:59:34,79.155.228.69,109.66.62.53,55,196,4529,44,49
571,2026-01-01 12:59:35,51.127.224.133,218.112.194.20,34,30,9901,49,13
572,2026-01-01 12:59:35,40.207.220.65,114.91.146.10,9,56,9774,33,16
573,2026-01-01 12:59:35,166.68.213.69,168.134.241.45,30,185,2044,29,17
581,2026-01-01 12:59:38,224.80.95.147,77.49.87.58,20,177,1425,22,30
583,2026-01-01 12:59:38,124.14.208.151,221.249.163.13,42,76,137,31,20
584,2026-01-01 12:59:39,255.158.225.87,42.201.232.181,57,88,4576,19,26
586,2026-01-01 12:59:39,54.104.23.236,104.253.45.84,11,29,4109,37,27
587,2026-01-01 12:59:40,37.217.63.84,84.188.30.102,25,26,2210,36,18
588,2026-01-01 12:59:40,81.38.124.120,205.201.35.40,16,78,428,24,28
591,2026-01-01 12:59:41,91.207.176.146,16.29.198.221,59,5,5226,50,27
592,2026-01-01 12:59:41,69.11.1.94,116.68.112.62,59,2,3949,40,32
594,2026-01-01 12:59:42,217.195.110.24,215.179.197.73,32,38,6738,49,21
595,2026-01-01 12:59:42,249.204.184.206,50.114.204.7,53,103,3629,25,44
598,2026-01-01 12:59:43,5.67.88.99,232.113.14.70,7,112,7903,14,10
599,2026-01-01 12:59:43,236.98.191.165,86.204.252.131,9,20,2933,10,22
603,2026-01-01 12:59:45,7.181.189.12,16.40.12.123,39,0,1711,35,45
604,2026-01-01 12:59:45,197.236.238.122,236.153.44.19,12,175,9950,18,11
605,2026-01-01 12:59:45,30.167.52.46,152.76.1.209,25,52,3779,31,15
608,2026-01-01 12:59:46,198.93.6.11,214.251.107.166,12,81,4006,13,26
612,2026-01-01 12:59:48,157.39.48.104,227.39.180.170,25,131,3206,48,48
613,2026-01-01 12:59:48,203.37.66.85,126.210.210.192,34,66,5436,11,42
615,2026-01-01 12:59:49,128.174.48.246,91.97.193.235,5,114,3529,16,50
617,2026-01-01 12:59:50,56.9.229.185,228.122.245.220,22,145,4821,40,50
618,2026-01-01 12:59:50,8.187.19.199,203.115.82.177,18,193,2792,18,13
619,2026-01-01 12:59:50,206.16.77.195,154.62.196.161,5,29,3366,13,49
620,2026-01-01 12:59:51,144.184.31.248,116.171.233.122,44,41,8336,38,43
621,2026-01-01 12:59:51,255.171.132.157,185.34.235.191,43,45,4069,15,23
623,2026-01-01 12:59:52,76.218.39.250,113.55.109.166,18,143,336,34,25
625,2026-01-01 12:59:52,17.149.231.144,160.207.216.110,15,189,5438,20,30
626,2026-01-01 12:59:53,237.166.87.21,103.87.169.226,32,51,7783,27,41
627,2026-01-01 12:59:53,182.183.118.132,60.167.198.4,35,59,3155,34,24
628,2026-01-01 12:59:54,223.104.142.117,145.145.2.111,51,155,8490,18,37
629,2026-01-01 12:59:54,217.210.209.99,202.42.237.165,16,23,23,23,25
630,2026-01-01 12:59:54,224.157.142.197,38.66.194.24,15,101,7313,25,14
631,2026-01-01 12:59:55,250.17.142.132,182.132.78.10,60,22,9502,17,33
632,2026-01-01 12:59:55,143.92.113.3,88.243.99.251,17,179,5635,45,42
636,2026-01-01 12:59:56,185.252.48.80,8.97.246.30,17,114,5515,35,12
638,2026-01-01 12:59:57,250.137.175.217,210.198.38.15,3,163,469,15,36
641,2026-01-01 12:59:58,237.53.170.24,128.161.190.185,16,118,558,24,11
645,2026-01-01 12:59:59,158.107.15.215,1.163.235.175,40,115,4923,36,43
649,2026-01-01 13:00:01,237.16.15.164,51.113.97.116,53,73,6548,17,32
650,2026-01-01 13:00:01,168.10.205.96,6.250.9.57,42,35,3291,32,33
652,2026-01-01 13:00:02,122.134.156.41,72.222.72.88,16,126,4385,37,17
655,2026-01-01 13:00:03,184.113.125.15,57.82.138.41,28,99,7134,45,12
657,2026-01-01 13:00:03,182.128.155.28,107.67.190.182,37,91,998,49,39
659,2026-01-01 13:00:04,237.207.123.127,242.244.208.50,24,137,8143,41,41
662,2026-01-01 13:00:05,121.72.228.92,9.90.118.176,59,7,8461,28,34
668,2026-01-01 13:00:07,186.67.95.134,179.109.163.173,37,108,4269,48,28
670,2026-01-01 13:00:08,143.88.136.5,174.20.215.104,48,164,4329,41,16
672,2026-01-01 13:00:08,32.88.246.199,220.61.245.197,11,16,4638,10,16
673,2026-01-01 13:00:08,33.236.111.173,199.206.226.134,35,80,7647,15,36
677,2026-01-01 13:00:10,148.151.19.250,62.67.151.133,37,55,8311,26,48
678,2026-01-01 13:00:10,76.222.219.42,126.106.9.221,28,141,838,23,18
679,2026-01-01 13:00:10,184.208.28.172,41.242.57.189,50,117,359,17,18
680,2026-01-01 13:00:11,47.117.243.16,224.189.90.167,53,179,8570,22,20
682,2026-01-01 13:00:11,50.223.62.212,129.113.96.144,15,188,1077,16,34
683,2026-01-01 13:00:12,151.145.166.98,35.142.117.49,20,100,1627,36,42
685,2026-01-01 13:00:12,185.135.163.87,73.226.82.188,23,140,4044,28,14
689,2026-01-01 13:00:14,27.181.188.173,55.21.114.84,14,106,3799,13,48
690,2026-01-01 13:00:14,113.6.204.205,21.209.162.225,17,5,3433,11,25
692,2026-01-01 13:00:15,75.87.47.87,6.205.250.150,47,88,8346,47,26
695,2026-01-01 13:00:16,22.137.156.130,49.191.129.227,33,173,9701,31,34
698,2026-01-01 13:00:17,128.210.169.143,141.59.244.127,6,89,3545,27,18
701,2026-01-01 13:00:18,156.48.106.207,16.29.153.128,16,115,8452,44,47
702,2026-01-01 13:00:18,62.131.198.102,157.191.107.168,59,10,641,42,20
703,2026-01-01 13:00:18,90.185.161.220,33.223.183.136,1,147,4356,41,23
710,2026-01-01 13:00:21,82.127.3.106,130.212.99.220,28,89,9352,40,24
711,2026-01-01 13:00:21,154.113.185.217,162.44.181.148,38,145,5761,11,33
712,2026-01-01 13:00:21,138.33.252.253,128.78.91.182,15,132,7623,37,34
713,2026-01-01 13:00:21,153.90.118.44,35.191.181.107,32,105,1530,35,49
715,2026-01-01 13:00:22,154.25.43.235,228.239.104.40,26,192,1308,17,34
716,2026-01-01 13:00:22,106.83.253.70,198.217.195.149,27,149,8898,18,41
717,2026-01-01 13:00:23,182.30.169.121,98.163.142.148,28,64,461,10,22
718,2026-01-01 13:00:23,228.54.209.166,72.39.238.244,28,112,2041,11,42
719,2026-01-01 13:00:23,44.30.71.209,7.101.130.97,2,78,4219,12,44
720,2026-01-01 13:00:24,23.30.96.7,230.69.85.127,38,109,3301,15,12
721,2026-01-01 13:00:24,78.174.120.1,74.2.119.144,10,89,6527,12,39
724,2026-01-01 13:00:25,26.22.245.32,165.238.209.146,10,124,6087,25,11
725,2026-01-01 13:00:25,37.74.32.173,133.142.254.236,57,91,3029,30,12
729,2026-01-01 13:00:27,2.50.23.90,140.243.230.76,57,40,2474,22,29
732,2026-01-01 13:00:28,47.227.216.210,121.192.24.60,57,169,1037,11,15
736,2026-01-01 13:00:29,184.65.70.132,7.241.241.22,3,158,6021,45,43
740,2026-01-01 13:00:30,215.10.146.233,159.84.229.73,43,11,5507,23,34
743,2026-01-01 13:00:31,28.199.129.17,61.193.222.117,16,189,1379,46,42
747,2026-01-01 13:00:33,83.148.240.18,8.171.178.189,57,119,8182,38,42
749,2026-01-01 13:00:33,13.140.133.242,70.36.136.2,29,11,8266,35,43
751,2026-01-01 13:00:34,21.223.138.27,230.50.19.46,29,148,686,36,21
754,2026-01-01 13:00:35,129.30.198.125,1.232.126.31,51,193,339,33,44
758,2026-01-01 13:00:36,213.60.154.31,204.224.243.225,8,49,1403,11,20
759,2026-01-01 13:00:36,43.106.26.234,29.239.147.55,13,143,8997,41,24
762,2026-01-01 13:00:37,65.17.114.87,65.250.251.231,14,135,704,20,48
764,2026-01-01 13:00:38,117.207.134.234,234.116.113.241,1,185,8419,42,44
767,2026-01-01 13:00:39,93.130.238.191,44.36.111.79,31,62,1651,14,26
768,2026-01-01 13:00:39,75.147.110.155,247.48.221.28,5,36,7789,36,43
769,2026-01-01 13:00:40,7.241.50.225,25.246.252.232,9,76,5222,11,12
774,2026-01-01 13:00:41,238.164.83.166,105.216.209.57,21,88,907,31,36
780,2026-01-01 13:00:43,240.151.57.223,88.42.151.94,56,195,8636,46,27
783,2026-01-01 13:00:44,236.119.78.89,146.35.215.183,35,17,6370,23,36
785,2026-01-01 13:00:45,57.78.236.50,50.48.255.23,40,115,2200,21,10
786,2026-01-01 13:00:45,219.4.254.100,195.197.96.122,28,140,794,42,19
787,2026-01-01 13:00:45,60.251.48.197,116.233.148.228,6,144,1680,14,12
791,2026-01-01 13:00:47,181.83.16.24,177.11.118.104,42,171,2239,48,28
792,2026-01-01 13:00:47,90.177.184.113,215.187.70.109,54,74,6987,11,19
795,2026-01-01 13:00:48,159.242.181.229,243.113.250.40,39,32,1482,14,28
796,2026-01-01 13:00:48,92.147.175.121,60.194.67.170,48,64,4765,43,29
797,2026-01-01 13:00:49,222.23.193.232,234.92.201.79,37,140,6412,23,11
801,2026-01-01 13:00:50,178.127.149.206,229.168.88.78,41,22,9345,41,49
802,2026-01-01 13:00:50,6.243.84.127,42.54.197.235,35,0,7877,17,43
803,2026-01-01 13:00:51,103.18.116.123,197.150.187.134,54,199,9411,46,40
804,2026-01-01 13:00:51,120.91.138.254,110.188.130.31,31,106,3208,10,15
810,2026-01-01 13:00:53,65.70.126.136,5.189.132.16,22,48,4572,31,50
814,2026-01-01 13:00:54,28.57.82.91,95.225.93.7,12,23,7272,41,39
817,2026-01-01 13:00:55,45.101.204.80,210.59.240.129,33,33,4961,49,48
819,2026-01-01 13:00:56,76.111.5.49,230.156.178.235,26,46,2209,48,33
820,2026-01-01 13:00:56,242.140.240.169,177.169.202.125,9,168,382,15,43
821,2026-01-01 13:00:56,232.171.226.89,72.60.6.119,18,174,8495,30,10
825,2026-01-01 13:00:58,35.224.218.30,147.69.54.42,13,197,9453,21,47
826,2026-01-01 13:00:58,92.73.145.249,89.157.59.202,45,88,5929,21,35
827,2026-01-01 13:00:58,96.145.178.191,148.55.121.19,18,94,6991,35,21
830,2026-01-01 13:00:59,89.230.75.194,255.102.245.250,38,76,9374,30,10
831,2026-01-01 13:01:00,120.25.108.161,199.155.219.100,1,57,6074,12,26
839,2026-01-01 13:01:02,120.84.70.97,255.31.31.250,1,83,1366,43,32
845,2026-01-01 13:01:04,232.8.150.188,35.233.17.111,13,5,9478,29,21
847,2026-01-01 13:01:05,12.64.253.92,181.162.252.192,31,109,804,29,11
849,2026-01-01 13:01:06,114.176.5.71,187.241.21.190,56,193,4128,29,12
850,2026-01-01 13:01:06,82.30.233.97,7.248.102.255,4,142,9100,26,32
851,2026-01-01 13:01:06,228.145.32.180,250.211.64.137,59,118,8121,35,40
852,2026-01-01 13:01:07,81.183.152.196,86.183.205.200,22,111,6914,50,49
855,2026-01-01 13:01:08,61.47.145.91,192.96.38.155,37,72,7253,10,10
859,2026-01-01 13:01:09,55.224.254.217,34.48.9.12,17,149,3733,40,20
860,2026-01-01 13:01:09,173.52.109.149,105.247.142.10,12,135,8275,25,39
864,2026-01-01 13:01:10,235.102.137.2,212.223.76.125,26,64,6657,44,27
870,2026-01-01 13:01:12,191.232.37.39,34.155.75.182,25,165,9812,10,19
873,2026-01-01 13:01:13,213.138.249.16,117.205.229.32,51,33,4899,15,33
878,2026-01-01 13:01:15,132.47.133.62,223.91.104.167,36,4,8987,34,43
879,2026-01-01 13:01:15,97.70.188.186,46.93.107.240,17,11,3571,12,31
882,2026-01-01 13:01:16,113.39.197.221,193.1.130.37,37,116,4029,43,22
883,2026-01-01 13:01:17,146.31.157.29,3.132.151.114,37,89,8911,28,50
886,2026-01-01 13:01:18,143.195.87.237,133.37.32.142,23,23,8582,16,11
889,2026-01-01 13:01:19,119.169.87.150,173.209.191.209,50,192,8586,34,28
891,2026-01-01 13:01:19,93.172.231.17,166.26.82.166,16,110,1052,14,49
893,2026-01-01 13:01:20,112.205.163.13,135.179.223.178,9,118,8211,34,39
897,2026-01-01 13:01:21,94.232.168.249,83.204.159.85,19,57,6812,27,44
898,2026-01-01 13:01:22,136.47.147.172,87.128.29.126,57,90,2719,22,42
902,2026-01-01 13:01:23,30.54.161.207,120.19.146.140,10,71,9658,35,39
904,2026-01-01 13:01:23,218.190.245.151,209.188.21.37,40,163,5268,24,33
905,2026-01-01 13:01:24,37.111.154.60,28.82.162.139,52,13,8513,50,42
906,2026-01-01 13:01:24,148.235.115.16,4.181.200.77,19,69,3136,44,42
909,2026-01-01 13:01:25,113.112.70.10,71.38.202.178,32,155,211,37,27
911,2026-01-01 13:01:26,51.205.6.188,240.67.141.102,35,200,9083,36,39
914,2026-01-01 13:01:27,212.170.19.238,147.44.36.46,54,108,9824,16,41
918,2026-01-01 13:01:28,238.237.133.230,183.251.241.160,13,162,8699,14,29
924,2026-01-01 13:01:30,97.231.101.217,32.5.238.208,59,36,6076,31,21
928,2026-01-01 13:01:31,215.88.195.223,204.150.77.114,15,120,2960,33,12
935,2026-01-01 13:01:33,133.25.119.42,20.2.88.57,30,106,4006,17,16
937,2026-01-01 13:01:34,47.5.127.244,119.103.249.206,38,186,9459,20,24
938,2026-01-01 13:01:34,61.212.18.213,146.139.117.113,52,44,5169,11,19
940,2026-01-01 13:01:35,69.127.67.19,199.249.102.166,12,191,453,45,27
941,2026-01-01 13:01:35,147.249.235.6,14.235.19.135,26,35,2115,14,29
943,2026-01-01 13:01:36,5.123.157.178,137.185.229.86,24,55,3901,44,47
944,2026-01-01 13:01:36,154.126.228.32,148.110.162.216,57,82,4671,14,26
945,2026-01-01 13:01:37,86.211.14.97,105.63.78.115,7,55,1529,45,17
946,2026-01-01 13:01:37,132.14.178.101,227.178.163.167,57,164,8790,37,10
947,2026-01-01 13:01:37,176.226.162.4,73.167.6.135,33,108,4175,39,24
951,2026-01-01 13:01:39,44.9.170.208,131.48.40.208,53,96,8503,37,12
957,2026-01-01 13:01:40,34.95.186.189,158.218.106.215,57,134,5090,29,19
962,2026-01-01 13:01:42,238.3.79.86,140.190.227.67,20,72,278,31,22
965,2026-01-01 13:01:43,255.240.101.95,53.248.145.104,54,111,5963,40,34
970,2026-01-01 13:01:45,224.7.76.130,13.248.220.142,37,96,5232,44,16
975,2026-01-01 13:01:46,195.148.189.99,135.176.36.212,36,174,5536,16,34
979,2026-01-01 13:01:48,49.219.144.137,112.15.95.86,57,58,3628,49,25
980,2026-01-01 13:01:48,131.8.167.3,64.199.141.220,55,191,3083,48,38
981,2026-01-01 13:01:48,69.221.232.78,183.8.73.5,13,99,1394,41,29
984,2026-01-01 13:01:49,7.10.230.196,84.238.73.119,52,172,1684,13,18
985,2026-01-01 13:01:50,149.153.31.101,84.213.115.9,23,113,956,39,18
992,2026-01-01 13:01:52,65.36.38.54,244.194.76.181,34,27,8396,19,45
994,2026-01-01 13:01:52,230.238.10.223,8.138.192.76,44,187,1254,45,19
995,2026-01-01 13:01:53,23.105.254.129,32.237.32.215,10,143,5647,13,24
997,2026-01-01 13:01:53,43.122.239.177,80.163.178.57,53,16,3427,18,39
999,2026-01-01 13:01:54,32.137.215.148,110.95.102.2,35,43,175,17,49
